text,true_emotion,predicted_emotion
"Kik to trade, have fun or a conversation  (kik: youraffair) #kik #kikme #messageme #textme #pics #trade #tradepics #dm #snap #bored",anger,joy
"Anger, resentment, and hatred are the destroyer of your fortune today.",anger,anger
@fluffysoftlouis no no. I insist that you give me your best insult first,anger,joy
For the first time in my madden career I just set up a farm account. Should make MOTM much easier,anger,joy
"Why to have vanity sizes?Now sizes S,XS(evenXXS sometimes) are too big, WTF?! Dear corporate jerks, Lithuania didn't need this. #rant ",anger,anger
@__NETFLIXNCHILL I fuck with madden way harder,anger,joy
Just joined #pottermore and was sorted into HUFFLEPUFF ğŸ˜¡ğŸ˜¡ğŸ˜¡ ,anger,anger
#oow16 #sting decent new song,anger,joy
"@DxfyingGrxvity - frustration, looking up at Elphaba in a frown of aggravation. Her high pitched voice was growing more and more --",anger,anger
@SSheil coincidentally watched Ulzana's Raid last night - brutally indignant filmmaking.,anger,anger
"@FluDino Event started! everyone is getting ready to travel to the lake of rage, where everything glows",anger,joy
@isthataspider @dhodgs i will fight this guy! Don't insult the lions like that! But seriously they kinda are.Wasted some of the best players,anger,anger
"@huwellwell One chosen by the CLP members! MP seats are not for people to dole out to their mates, we elect candidates. #fuming",anger,anger
My eyes have been dilated. I hate the world right now with the rage of a thousand fiery dragons. I need a drink.,anger,anger
"Realest ever, relentless ever, inevitable that I win.",anger,joy
"@MaddenFreestyle i turn the game on wanting to play madden, and before i load up a game i just turn it off now.",anger,sadness
"Kik to trade, have fun or a conversation  (kik: youraffair) #kik #kikme #messageme #textme #pics #trade #tradepics #dm  #bored",anger,joy
"[ @HedgehogDylan ] *she would frown a bit, folding her arms* 'why is it that every time I'm in need of assistance someone expects a lil **",anger,anger
Just seeing Alex revells face gets me angry,anger,anger
@TrueAggieFan oh so that's where Brian was! Where was my invite? ,anger,anger
"#twitter #users Tweeting on twitter is like playing a game against the computer. Where's the life, Everyone too #afraid to say something?",fear,fear
@All4 is the android app it designed to be buggy and work sporadically on a fire TV box? #shocking,fear,anger
@CesarSampao @thisisbolton don't get me started on town centre. Used to go every week.... not been for 18 months #horrible,fear,sadness
@BuzzFeed so this houses will get into my instestines and scare my poop and I'll shit my pants?,fear,fear
An adviser to the #European #Unionâ€™s top #court said #Hamas and the #Tamil #Tigers should be taken off the EUâ€™s #terror list.#lka,fear,joy
I don't want speak front to him   #nopanicattack,fear,fear
Southend players always haunt Man U,fear,anger
Thanks for ripping me off again #Luthansa â‚¬400 not enough for a one way flight to man from Frk then â‚¬30 for a bag then free at gate ,fear,anger
Rooney shocking attempted cross,fear,anger
I know this is going to be one of those nights where it takes an Act of God to fall asleep. ,fear,sadness
"But I was so intrigued by your style, boy.Always been a sucker for a wild boy #alarm -@AnneMarieIAm",fear,joy
There goes the butterflies in my stomach.  #anxietyproblems,fear,fear
It really is amazing the money they give to some of these QB's #nfl #texans #brock ,fear,joy
T5ylw ansh a79l shy 7lw mn wayed nas fe whatsapp,fear,joy
Bout ta get my @dontbreathe on up in here! @WarrenTheaters  #icantholdmybreaththatlong,fear,joy
On @Varneyco/@FoxBusiness to talk latest on #Chelsea Bombing + #Ahmad_Khan_Rahami's trips to #Afghanistan/#Pakistan #tcot #terror,fear,fear
Not the best horror ever but I like that the uncertainty,fear,joy
The moment you bring her to meet your best friend and you're nervous af! ğŸ˜¬ğŸ˜† #nervous #thefriendtest,fear,fear
@CNNPolitics I can't wait to hear what he had to say about the brilliant Dr. Hawking... it should be rich... In the poorest of taste! ,fear,anger
The Apocalypse has hit our gym and it's  nothing what I thought it would be...\n\nEveryone is wearing vests! What if it's contagious? #afraid,fear,fear
@GigaFag @pipertownsend_ snapchat new would beg to differ ,joy,joy
Chris would take full responsibility and would want us all to rejoice in the memories we all had with him.,joy,joy
"@PhilGlutting Hey There Phil Glutting thank you for following us, it's appreciated :) #smile",joy,joy
"@len_snart Mick nods. 'I would like that.' He went back to his food, smiling as he finished it.",joy,joy
Heather that was #hilarious! @MsHeatherBates @pattonoswalt @chrishansen #AnthonyWeiner #15gets20 #NYC,joy,joy
"Ready for that nice, breezy, calm, sunshine weather.ğŸ‚ğŸ #Autumn",joy,joy
Metal keeps you young and spry and keeps your hair luxurious.\n\nYES\n\nSHUT UP AND LISTEN TO ME,joy,anger
"Be it a rainy day, be it cheerful sunshine, I am a Prussian, want nothing to be but a Prussian.:|",joy,joy
Val reminds me of one of the cheerful witches that looks after Aurora in Disneyâ€™s Sleeping Beauty. #GBBO,joy,joy
"...at your age, the heyday in the blood is tame...' @TheArtofCharm #shakespeareaninsults #hamlet #elizabethan #williamshakespeare",joy,anger
"Our tone of voice: we're like One Direction, we're thoughtful and timid, yet playful",joy,joy
It feels good to get outside for a minute and get some fresh air.  It's hard to stay cooped up inside all day #breezy,joy,joy
So far ours greet have raised Â£250 for @HGatChristmas with more to come in #sparkling @CllrJohnFox @simoncotton69,joy,joy
Each day is what you make of it! #goals #challenges #business #goals   #success #photographer #photography #ThursdayThoughts,joy,joy
I love my family so much #lucky #grateful #smartassfamily #hilarious #love,joy,joy
I turn 25 in two weeks. I am so happy. 24 was my darkest year yet. I am elated that I survived,joy,joy
"If any trump supporters and Hillary haters wanna chirp some weak minded, pandering liberals just tweet at @EmmyA2 @snickerfritz04",joy,anger
@GigaFag @pipertownsend_ snapchat new would beg to differ #optimism,joy,joy
@chencouture LMAO Is it that 'so slutty' hater girl? That video was hilarious. ğŸ˜‚,joy,joy
"TheNiceBot: IndyMN I thought the holidays could not get any more cheerful, and then I met you. #TheNiceBot #Ø§Ù„Ø®ÙØ¬ÙŠ",joy,joy
Remembering those day when u still did'nt know kpop n thinking about how sad your life was without it - Kpop fan,sadness,joy
My life went from happy to unhappy..,sadness,sadness
"@StaceyDavidson_ You're a thief and a liberal mope, investigated by the financial services board for theft of govt retirement funds. THIEF",sadness,anger
Soooo badly want to dye my hair dark but have never been dark before soooo torn ğŸ˜­ğŸ˜­ğŸ˜­,sadness,fear
Folk Band 'Thistle Down' will be replaced by 'The Paul Edwards Quartet' at Laurel Bank Park Sat 24 11am - 3pm due to ill health #jazz #blues,sadness,sadness
@OHSOVICTORIOUS_ @FaZeAdapt We all seen it coming.. it's sad. But her Instagram comments on her pics are funny. Adapts fans blew it up ğŸ˜‚ğŸ˜‚ğŸ˜‚,sadness,joy
"@ccrago It was dreadful, even after he met the Catfish he still thought it was her!",sadness,sadness
"Donating to Trump puts a damper on a very exciting @Cubs season. Really bad look, Ricketts family.",sadness,anger
â€œDyslexia is the affliction of a frozen genius.â€â€• Stephen Richards,sadness,sadness
@1johndes ball watching &amp; Rojo'd header was equally dreadful!!,sadness,anger
"@LeePorter94 @DomMcGovern_ hi Dom I saw u at Notts county away, looking for 1 mufc away ticket will pay ",sadness,joy
A .500 season is all I'm looking for at this point. #depressing #royals,sadness,sadness
"@KeithOlbermann depressing how despicable Trump, with no policies, campaigning on bigotry &amp; rancour can be so close, evil immoral disaster",sadness,anger
@pmo100 @5liveSport .....I heard talk something is a miss. He looks weary.,sadness,sadness
"@LeePorter94 @DomMcGovern_ hi Dom I saw u at Notts county away, looking for 1 mufc away ticket will pay #blues",sadness,joy
On bedrest since I got out of the hospital. U find in unopened beer.. what do I do. Pour that shit out! No alcohol at all for me #sober,sadness,anger
"[ @HedgehogDylan ] *she would frown a bit, folding her arms* 'why is it that every time I'm in need of assistance someone expects a lil **",sadness,anger
"@GRIPLIKEAVICE_ I wouldn't mind if it didn't you know, threaten my job when I disagree. Puts a damper on things.",sadness,anger
This world has some serious issues we should all go to therapy,sadness,sadness
It feel like we lost a family memberğŸ™„ğŸ˜‚,sadness,joy
